--
-- PostgreSQL database dump
--

-- Dumped from database version 16.2
-- Dumped by pg_dump version 16.2 (Ubuntu 16.2-1.pgdg22.04+1)

-- Started on 2024-04-21 20:02:40 CEST



--
-- TOC entry 5 (class 2615 OID 2200)
-- Name: public; Type: SCHEMA; Schema: -; Owner: azure_pg_admin
--

-- *not* creating schema, since initdb creates it




--
-- TOC entry 215 (class 1259 OID 25362)
-- Name: billing; Type: TABLE; Schema: public; Owner: team15
--

CREATE TABLE public.billing (
    id bigint NOT NULL,
    email character varying(255),
    paid boolean NOT NULL,
    total_price real NOT NULL
);


ALTER TABLE public.billing OWNER TO team15;

--
-- TOC entry 216 (class 1259 OID 25367)
-- Name: billing_seq; Type: SEQUENCE; Schema: public; Owner: team15
--

CREATE SEQUENCE public.billing_seq
    START WITH 1
    INCREMENT BY 50
    NO MINVALUE
    NO MAXVALUE
    CACHE 1;


ALTER SEQUENCE public.billing_seq OWNER TO team15;

--
-- TOC entry 222 (class 1259 OID 26217)
-- Name: car; Type: TABLE; Schema: public; Owner: team15
--

CREATE TABLE public.car (
    folding_rear_seat boolean NOT NULL,
    fuel double precision NOT NULL,
    fuel_capacity double precision NOT NULL,
    fuel_estimated_consumption double precision NOT NULL,
    mileage double precision NOT NULL,
    number_of_child_seats integer NOT NULL,
    number_of_seats integer NOT NULL,
    price_per_km double precision NOT NULL,
    price_per_liter_fuel double precision NOT NULL,
    tow_bar boolean NOT NULL,
    id bigint NOT NULL,
    owner_id bigint,
    brand character varying(255),
    license_plate character varying(255),
    model character varying(255),
    types character varying(255),
    CONSTRAINT car_number_of_seats_check CHECK ((number_of_seats >= 1))
);


ALTER TABLE public.car OWNER TO team15;

--
-- TOC entry 217 (class 1259 OID 26212)
-- Name: car_seq; Type: SEQUENCE; Schema: public; Owner: team15
--

CREATE SEQUENCE public.car_seq
    START WITH 1
    INCREMENT BY 50
    NO MINVALUE
    NO MAXVALUE
    CACHE 1;


ALTER SEQUENCE public.car_seq OWNER TO team15;

--
-- TOC entry 223 (class 1259 OID 26227)
-- Name: chat; Type: TABLE; Schema: public; Owner: team15
--

CREATE TABLE public.chat (
    sender_user_id bigint,
    "timestamp" timestamp(6) without time zone,
    data character varying(255),
    id character varying(255) NOT NULL,
    room_room_id character varying(255)
);


ALTER TABLE public.chat OWNER TO team15;

--
-- TOC entry 224 (class 1259 OID 26234)
-- Name: chat_read_by; Type: TABLE; Schema: public; Owner: team15
--

CREATE TABLE public.chat_read_by (
    read_by_user_id bigint NOT NULL,
    chat_id character varying(255) NOT NULL
);


ALTER TABLE public.chat_read_by OWNER TO team15;

--
-- TOC entry 225 (class 1259 OID 26237)
-- Name: notifications; Type: TABLE; Schema: public; Owner: team15
--

CREATE TABLE public.notifications (
    car_id bigint,
    id bigint NOT NULL,
    rent_id bigint,
    message character varying(255),
    emails character varying(255)[],
    billing_id bigint
);


ALTER TABLE public.notifications OWNER TO team15;

--
-- TOC entry 218 (class 1259 OID 26213)
-- Name: notifications_seq; Type: SEQUENCE; Schema: public; Owner: team15
--

CREATE SEQUENCE public.notifications_seq
    START WITH 1
    INCREMENT BY 50
    NO MINVALUE
    NO MAXVALUE
    CACHE 1;


ALTER SEQUENCE public.notifications_seq OWNER TO team15;

--
-- TOC entry 226 (class 1259 OID 26244)
-- Name: rentals; Type: TABLE; Schema: public; Owner: team15
--

CREATE TABLE public.rentals (
    latitude double precision NOT NULL,
    longitude double precision NOT NULL,
    car_id bigint,
    end_date timestamp(6) without time zone NOT NULL,
    id bigint NOT NULL,
    rental_id bigint,
    start_date timestamp(6) without time zone NOT NULL,
    city character varying(255),
    number character varying(255),
    phone_number character varying(255),
    postal character varying(255),
    street character varying(255),
    email character varying(255)
);


ALTER TABLE public.rentals OWNER TO team15;

--
-- TOC entry 219 (class 1259 OID 26214)
-- Name: rentals_seq; Type: SEQUENCE; Schema: public; Owner: team15
--

CREATE SEQUENCE public.rentals_seq
    START WITH 1
    INCREMENT BY 50
    NO MINVALUE
    NO MAXVALUE
    CACHE 1;


ALTER SEQUENCE public.rentals_seq OWNER TO team15;

--
-- TOC entry 227 (class 1259 OID 26251)
-- Name: rents; Type: TABLE; Schema: public; Owner: team15
--

CREATE TABLE public.rents (
    active boolean,
    birth_date date NOT NULL,
    end_fuel double precision NOT NULL,
    end_mileage double precision NOT NULL,
    price double precision NOT NULL,
    start_fuel double precision NOT NULL,
    start_mileage double precision NOT NULL,
    car_id bigint NOT NULL,
    end_date timestamp(6) without time zone,
    id bigint NOT NULL,
    rental_id bigint,
    renter_user_id bigint,
    start_date timestamp(6) without time zone,
    driving_license_number character varying(255) NOT NULL,
    national_identification_number character varying(255) NOT NULL,
    phone_number character varying(255),
    email character varying(255),
    payed boolean
);


ALTER TABLE public.rents OWNER TO team15;

--
-- TOC entry 220 (class 1259 OID 26215)
-- Name: rents_seq; Type: SEQUENCE; Schema: public; Owner: team15
--

CREATE SEQUENCE public.rents_seq
    START WITH 1
    INCREMENT BY 50
    NO MINVALUE
    NO MAXVALUE
    CACHE 1;


ALTER SEQUENCE public.rents_seq OWNER TO team15;

--
-- TOC entry 228 (class 1259 OID 26260)
-- Name: room; Type: TABLE; Schema: public; Owner: team15
--

CREATE TABLE public.room (
    room_id character varying(255) NOT NULL,
    room_name character varying(255)
);


ALTER TABLE public.room OWNER TO team15;

--
-- TOC entry 229 (class 1259 OID 26267)
-- Name: room_chats; Type: TABLE; Schema: public; Owner: team15
--

CREATE TABLE public.room_chats (
    chats_id character varying(255) NOT NULL,
    room_room_id character varying(255) NOT NULL
);


ALTER TABLE public.room_chats OWNER TO team15;

--
-- TOC entry 230 (class 1259 OID 26274)
-- Name: room_users; Type: TABLE; Schema: public; Owner: team15
--

CREATE TABLE public.room_users (
    users_user_id bigint NOT NULL,
    room_room_id character varying(255) NOT NULL
);


ALTER TABLE public.room_users OWNER TO team15;

--
-- TOC entry 231 (class 1259 OID 26277)
-- Name: user_model; Type: TABLE; Schema: public; Owner: team15
--

CREATE TABLE public.user_model (
    enabled boolean,
    locked boolean,
    user_id bigint NOT NULL,
    email character varying(255),
    password character varying(255),
    role character varying(255),
    CONSTRAINT user_model_role_check CHECK (((role)::text = ANY ((ARRAY['OWNER'::character varying, 'RENTER'::character varying, 'ACCOUNTANT'::character varying, 'ADMIN'::character varying, 'BOT'::character varying])::text[])))
);


ALTER TABLE public.user_model OWNER TO team15;

--
-- TOC entry 232 (class 1259 OID 26285)
-- Name: user_model_rooms; Type: TABLE; Schema: public; Owner: team15
--

CREATE TABLE public.user_model_rooms (
    user_model_user_id bigint NOT NULL,
    rooms_room_id character varying(255) NOT NULL
);


ALTER TABLE public.user_model_rooms OWNER TO team15;

--
-- TOC entry 221 (class 1259 OID 26216)
-- Name: user_model_seq; Type: SEQUENCE; Schema: public; Owner: team15
--

CREATE SEQUENCE public.user_model_seq
    START WITH 1
    INCREMENT BY 50
    NO MINVALUE
    NO MAXVALUE
    CACHE 1;


ALTER SEQUENCE public.user_model_seq OWNER TO team15;

--
-- TOC entry 4016 (class 0 OID 25362)
-- Dependencies: 215
-- Data for Name: billing; Type: TABLE DATA; Schema: public; Owner: team15
--

COPY public.billing (id, email, paid, total_price) FROM stdin;
\.


--
-- TOC entry 4023 (class 0 OID 26217)
-- Dependencies: 222
-- Data for Name: car; Type: TABLE DATA; Schema: public; Owner: team15
--

COPY public.car (folding_rear_seat, fuel, fuel_capacity, fuel_estimated_consumption, mileage, number_of_child_seats, number_of_seats, price_per_km, price_per_liter_fuel, tow_bar, id, owner_id, brand, license_plate, model, types) FROM stdin;
t	100	55	7	1000	2	5	0.5	1.5	t	1	2	BMW	1-ABC-123	X5	SUV
f	100	60	6	1000	2	5	0.6	1.6	f	2	8	Audi	2-DEF-456	A4	Sedan
t	100	50	5	1000	2	5	0.4	1.4	f	3	8	Volkswagen	3-GHI-789	Golf	Hatchback
t	100	65	8	1000	3	7	0.7	1.7	t	4	8	Volvo	4-JKL-012	XC90	SUV
f	100	70	4	1000	2	5	0.8	1.8	f	5	2	Tesla	5-MNO-345	Model S	Sedan
f	100	70	10	1000	0	4	0.9	2	f	6	2	Ford	6-PQR-678	Mustang	Sports Car
t	100	60	6.5	1000	2	5	0.7	1.5	f	7	2	Toyota	7-STU-901	Camry	Sedan
t	100	65	7.5	1000	2	5	0.6	1.6	t	8	2	Honda	8-VWX-234	CR-V	SUV
f	100	65	7	1000	2	5	0.8	1.8	f	9	2	Mercedes-Benz	9-YZA-567	E-Class	Luxury Sedan
f	100	80	12	1000	0	5	0.7	1.5	t	10	2	Chevrolet	10-BCD-890	Silverado	Pickup Truck
t	100	60	8	1000	2	5	0.6	1.6	t	11	2	Subaru	11-CDE-012	Outback	Crossover
t	100	55	7.5	1000	2	5	0.5	1.4	f	12	2	Mazda	12-DEF-345	CX-5	Compact SUV
t	100	70	9	1000	3	7	0.7	1.7	t	13	2	Kia	13-EFG-678	Sorento	Midsize SUV
t	100	70	10	1000	0	4	0.8	1.9	t	14	2	Jeep	14-GHI-901	Wrangler	Off-road SUV
t	100	40	5.5	1000	1	4	0.4	1.3	f	15	2	Fiat	15-HIJ-234	500	Compact Car
t	100	80	9.5	1000	2	5	0.9	2	t	16	2	Land Rover	16-IJK-345	Range Rover Sport	Luxury SUV
t	100	55	7	1000	2	5	0.6	1.5	f	17	2	Hyundai	17-JKL-456	Tucson	Compact SUV
t	100	70	8.5	1000	2	5	0.7	1.8	f	18	2	Lexus	18-KLM-567	RX	Luxury SUV
t	0	0	0	0	0	5	0	0	t	19	8	TESLA	1-AAA-111	CYBERTRUCK	VROEMMM
\.


--
-- TOC entry 4024 (class 0 OID 26227)
-- Dependencies: 223
-- Data for Name: chat; Type: TABLE DATA; Schema: public; Owner: team15
--

COPY public.chat (sender_user_id, "timestamp", data, id, room_room_id) FROM stdin;
1	2024-04-20 20:56:13.490612	Welcome to Cars4Rent! I'm Boxter Buddy, here to assist you with any questions you might have.	fc1486c6-ffaf-4c17-bce7-b4731cf7171e	bot-2
1	2024-04-20 20:56:14.701036	Welcome to Cars4Rent! I'm Boxter Buddy, here to assist you with any questions you might have.	4bc47e59-44c3-40b2-9612-ae10928726d2	bot-3
1	2024-04-20 20:56:15.930856	Welcome to Cars4Rent! I'm Boxter Buddy, here to assist you with any questions you might have.	e60bf0d5-40f6-484d-baa5-650bae44fd81	bot-4
1	2024-04-20 20:56:17.146185	Welcome to Cars4Rent! I'm Boxter Buddy, here to assist you with any questions you might have.	a8287b4e-3006-4dab-9930-63bdb9ea28d6	bot-5
1	2024-04-20 20:56:18.410949	Welcome to Cars4Rent! I'm Boxter Buddy, here to assist you with any questions you might have.	c1f9f081-0b73-400d-9c82-597695d5d3c5	bot-6
1	2024-04-20 20:56:19.706451	Welcome to Cars4Rent! I'm Boxter Buddy, here to assist you with any questions you might have.	951edff4-18d3-4e7d-9974-40649fd4f4a3	bot-7
1	2024-04-20 20:56:21.02419	Welcome to Cars4Rent! I'm Boxter Buddy, here to assist you with any questions you might have.	c0c9eeb6-8a6e-4a19-8914-bbaee15ba4ea	bot-8
\.


--
-- TOC entry 4025 (class 0 OID 26234)
-- Dependencies: 224
-- Data for Name: chat_read_by; Type: TABLE DATA; Schema: public; Owner: team15
--

COPY public.chat_read_by (read_by_user_id, chat_id) FROM stdin;
6	c1f9f081-0b73-400d-9c82-597695d5d3c5
\.


--
-- TOC entry 4026 (class 0 OID 26237)
-- Dependencies: 225
-- Data for Name: notifications; Type: TABLE DATA; Schema: public; Owner: team15
--

COPY public.notifications (car_id, id, rent_id, message, emails, billing_id) FROM stdin;
1	1	1	Request to rent 1 from  until  for car BMW X5 with licenseplate 1-ABC-123	{axel@ucll.be,rein@ucll.be}	\N
1	2	2	Request to rent 2 from  until  for car BMW X5 with licenseplate 1-ABC-123	{axel@ucll.be,rein@ucll.be}	\N
3	5	5	Request to rent 5 from  until  for car Volkswagen Golf with licenseplate 3-GHI-789	{axel@ucll.be,torben@ucll.be}	\N
1	6	1	Request to rent from 2024-04-20T20:56:23.558079 until 2024-04-25T20:56:23.558094 for car BMW X5 with licenseplate 1-ABC-123 has been confirmed	{rein@ucll.be,axel@ucll.be}	\N
1	7	2	Request to rent from 2024-04-20T20:56:23.750219 until 2024-04-25T20:56:23.750235 for car BMW X5 with licenseplate 1-ABC-123 has been confirmed	{rein@ucll.be,axel@ucll.be}	\N
2	8	\N	Rent with ID 3 has been cancelled.	{axel@ucll.be}	\N
2	9	\N	Rent with ID 4 has been cancelled.	{axel@ucll.be}	\N
3	10	5	Request to rent from 2024-04-20T20:56:24.274758 until 2024-04-25T20:56:24.274788 for car Volkswagen Golf with licenseplate 3-GHI-789 has been confirmed	{torben@ucll.be,axel@ucll.be}	\N
5	11	6	Request to rent 6 from  until  for car Tesla Model S with licenseplate 5-MNO-345	{torben@ucll.be,rein@ucll.be}	\N
1	52	1	The rent with ID 1 has been checked in.	{axel@ucll.be}	\N
10	102	52	Request to rent 52 from  until  for car Chevrolet Silverado with licenseplate 10-BCD-890	{loveleen@ucll.be,rein@ucll.be}	\N
14	103	53	Request to rent 53 from  until  for car Jeep Wrangler with licenseplate 14-GHI-901	{loveleen@ucll.be,rein@ucll.be}	\N
8	104	54	Request to rent 54 from  until  for car Honda CR-V with licenseplate 8-VWX-234	{loveleen@ucll.be,rein@ucll.be}	\N
1	105	1	The rent with ID 1 has been checked out.	{axel@ucll.be}	\N
3	106	5	The rent with ID 5 has been checked in.	{axel@ucll.be}	\N
\.


--
-- TOC entry 4027 (class 0 OID 26244)
-- Dependencies: 226
-- Data for Name: rentals; Type: TABLE DATA; Schema: public; Owner: team15
--

COPY public.rentals (latitude, longitude, car_id, end_date, id, rental_id, start_date, city, number, phone_number, postal, street, email) FROM stdin;
50.8798	4.7017	1	2024-04-25 20:56:23.558094	1	\N	2024-04-20 20:56:23.558079	Leuven	1	0472000000	3000	Tiensestraat	\N
50.8798	4.7017	1	2024-04-25 20:56:23.750235	2	\N	2024-04-20 20:56:23.750219	Leuven	1	0472000000	3000	Tiensestraat	\N
51.5074	-0.1276	2	2024-04-25 20:56:23.93792	3	\N	2024-04-20 20:56:23.937846	Cityville	42	0487123456	12345	Main Street	\N
51.5074	-0.1276	2	2024-04-25 20:56:24.100638	4	\N	2024-04-20 20:56:24.100611	Cityville	42	0487123456	12345	Main Street	\N
40.7128	-74.006	3	2024-04-25 20:56:24.274788	5	\N	2024-04-20 20:56:24.274758	Villageville	8	0472345678	67890	Pine Street	\N
40.7128	-74.006	3	2024-04-25 20:56:24.443491	6	\N	2024-04-20 20:56:24.443467	Villageville	8	0472345678	67890	Pine Street	\N
37.0902	-95.7129	5	2024-04-25 20:56:24.616815	7	\N	2024-04-20 20:56:24.616763	Countryside	23	0498567890	24680	Cedar Lane	\N
37.0902	-95.7129	5	2024-04-25 20:56:24.781891	8	\N	2024-04-20 20:56:24.781874	Countryside	23	0498567890	24680	Cedar Lane	\N
50.857113724160094	4.712273126502229	3	2024-04-25 20:56:24.95298	9	\N	2024-04-20 20:56:24.952967	Leuven	2	0472000000	3000	Street1	\N
50.88508358847273	4.702743297861075	18	2024-04-25 20:56:25.116456	10	\N	2024-04-20 20:56:25.116412	Leuven	3	0472000001	3000	Street2	\N
50.88513922944607	4.726338127466268	3	2024-04-25 20:56:25.287767	11	\N	2024-04-20 20:56:25.2877	Leuven	4	0472000002	3000	Street3	\N
50.88436414458979	4.699399317790073	6	2024-04-25 20:56:25.453059	12	\N	2024-04-20 20:56:25.453046	Leuven	5	0472000003	3000	Street4	\N
50.891442414773	4.702399059203625	1	2024-04-25 20:56:25.612345	13	\N	2024-04-20 20:56:25.612334	Leuven	6	0472000004	3000	Street5	\N
50.88285481523212	4.683894370614085	18	2024-04-25 20:56:25.781724	14	\N	2024-04-20 20:56:25.781667	Leuven	7	0472000005	3000	Street6	\N
50.87860919410779	4.709212803897057	2	2024-04-25 20:56:25.949362	15	\N	2024-04-20 20:56:25.949351	Leuven	8	0472000006	3000	Street7	\N
50.900478575186156	4.703200658114541	5	2024-04-25 20:56:26.120449	16	\N	2024-04-20 20:56:26.120433	Leuven	9	0472000007	3000	Street8	\N
50.855268263150094	4.6811656160949955	10	2024-04-25 20:56:26.283372	17	\N	2024-04-20 20:56:26.283358	Leuven	10	0472000008	3000	Street9	\N
50.87965421630379	4.678201959166415	15	2024-04-25 20:56:26.454792	18	\N	2024-04-20 20:56:26.454779	Leuven	11	0472000009	3000	Street10	\N
50.873045294571675	4.69807992482334	14	2024-04-25 20:56:26.617787	19	\N	2024-04-20 20:56:26.617768	Leuven	12	04720000010	3000	Street11	\N
50.89229384697744	4.698899142051142	16	2024-04-25 20:56:26.791185	20	\N	2024-04-20 20:56:26.791139	Leuven	13	04720000011	3000	Street12	\N
50.871141039158395	4.682743693533009	8	2024-04-25 20:56:26.963186	21	\N	2024-04-20 20:56:26.963174	Leuven	14	04720000012	3000	Street13	\N
50.877420054781275	4.721033462219168	4	2024-04-25 20:56:27.127999	22	\N	2024-04-20 20:56:27.127981	Leuven	15	04720000013	3000	Street14	\N
50.89929293529768	4.69044974856414	17	2024-04-25 20:56:27.287124	23	\N	2024-04-20 20:56:27.287085	Leuven	16	04720000014	3000	Street15	\N
50.88536252115759	4.696935564237443	15	2024-04-25 20:56:27.441833	24	\N	2024-04-20 20:56:27.441822	Leuven	17	04720000015	3000	Street16	\N
50.902233290810564	4.686951645850473	10	2024-04-25 20:56:27.605444	25	\N	2024-04-20 20:56:27.605404	Leuven	18	04720000016	3000	Street17	\N
50.902003627803936	4.686933494291062	3	2024-04-25 20:56:27.775074	26	\N	2024-04-20 20:56:27.775062	Leuven	19	04720000017	3000	Street18	\N
50.89392318824976	4.67867425380317	3	2024-04-25 20:56:27.9378	27	\N	2024-04-20 20:56:27.937764	Leuven	20	04720000018	3000	Street19	\N
50.88186485192256	4.681490933097827	8	2024-04-25 20:56:28.092615	28	\N	2024-04-20 20:56:28.092599	Leuven	21	04720000019	3000	Street20	\N
50.87781971223222	4.721761399460766	2	2024-04-25 20:56:28.264617	29	\N	2024-04-20 20:56:28.264579	Leuven	22	04720000020	3000	Street21	\N
50.88196055345141	4.718397244912342	3	2024-04-25 20:56:28.427753	30	\N	2024-04-20 20:56:28.427742	Leuven	23	04720000021	3000	Street22	\N
50.88022515921152	4.694599555978537	9	2024-04-25 20:56:28.592721	31	\N	2024-04-20 20:56:28.592674	Leuven	24	04720000022	3000	Street23	\N
50.85929295534373	4.703793819108114	8	2024-04-25 20:56:28.764369	32	\N	2024-04-20 20:56:28.76435	Leuven	25	04720000023	3000	Street24	\N
50.85737039719367	4.721825681844191	2	2024-04-25 20:56:28.937731	33	\N	2024-04-20 20:56:28.93769	Leuven	26	04720000024	3000	Street25	\N
50.87362196271063	4.690596592395004	1	2024-04-25 20:56:29.106628	34	\N	2024-04-20 20:56:29.106615	Leuven	27	04720000025	3000	Street26	\N
50.86330052357192	4.686508972983974	10	2024-04-25 20:56:29.284266	35	\N	2024-04-20 20:56:29.284233	Leuven	28	04720000026	3000	Street27	\N
50.8737156624	4.68296250084382	13	2024-04-25 20:56:29.451248	36	\N	2024-04-20 20:56:29.451237	Leuven	29	04720000027	3000	Street28	\N
50.874859551651994	4.711190434322014	3	2024-04-25 20:56:29.6149	37	\N	2024-04-20 20:56:29.614862	Leuven	30	04720000028	3000	Street29	\N
50.88967215808697	4.720848039269029	17	2024-04-25 20:56:29.785383	38	\N	2024-04-20 20:56:29.785367	Leuven	31	04720000029	3000	Street30	\N
50.862111798414645	4.677770796514481	12	2024-04-25 20:56:29.963843	39	\N	2024-04-20 20:56:29.963819	Leuven	32	04720000030	3000	Street31	\N
50.856100632734424	4.704420955878287	11	2024-04-25 20:56:30.13226	40	\N	2024-04-20 20:56:30.132249	Leuven	33	04720000031	3000	Street32	\N
50.86739121881903	4.690856468769489	3	2024-04-25 20:56:30.297588	41	\N	2024-04-20 20:56:30.297544	Leuven	34	04720000032	3000	Street33	\N
50.90095931253837	4.694111532935263	4	2024-04-25 20:56:30.465544	42	\N	2024-04-20 20:56:30.465532	Leuven	35	04720000033	3000	Street34	\N
50.86383591644084	4.719104844947052	1	2024-04-25 20:56:30.630649	43	\N	2024-04-20 20:56:30.630609	Leuven	36	04720000034	3000	Street35	\N
50.902670268634715	4.718427773585521	6	2024-04-25 20:56:30.799959	44	\N	2024-04-20 20:56:30.799921	Leuven	37	04720000035	3000	Street36	\N
50.904743585358496	4.724354424880183	18	2024-04-25 20:56:30.957262	45	\N	2024-04-20 20:56:30.95725	Leuven	38	04720000036	3000	Street37	\N
50.89376574981482	4.688309226331171	12	2024-04-25 20:56:31.121918	46	\N	2024-04-20 20:56:31.121901	Leuven	39	04720000037	3000	Street38	\N
50.89837465701045	4.708881851481692	2	2024-04-25 20:56:31.290194	47	\N	2024-04-20 20:56:31.290181	Leuven	40	04720000038	3000	Street39	\N
50.87276801586169	4.703757038776611	10	2024-04-25 20:56:31.454688	48	\N	2024-04-20 20:56:31.454677	Leuven	41	04720000039	3000	Street40	\N
50.89893342930585	4.676997104896717	10	2024-04-25 20:56:31.616307	49	\N	2024-04-20 20:56:31.61627	Leuven	42	04720000040	3000	Street41	\N
50.877264399626135	4.695753258923906	5	2024-04-25 20:56:31.787563	50	\N	2024-04-20 20:56:31.787521	Leuven	43	04720000041	3000	Street42	\N
50.89337349647894	4.718369746669579	3	2024-04-25 20:56:31.968087	51	\N	2024-04-20 20:56:31.968064	Leuven	44	04720000042	3000	Street43	\N
50.870211597903	4.724070263597089	11	2024-04-25 20:56:32.134801	52	\N	2024-04-20 20:56:32.134763	Leuven	45	04720000043	3000	Street44	\N
50.8854022704908	4.676973224166302	10	2024-04-25 20:56:32.320311	53	\N	2024-04-20 20:56:32.320265	Leuven	46	04720000044	3000	Street45	\N
50.89838795419181	4.6994715997884	8	2024-04-25 20:56:32.498921	54	\N	2024-04-20 20:56:32.49891	Leuven	47	04720000045	3000	Street46	\N
50.882600452858796	4.721340910287721	2	2024-04-25 20:56:32.66008	55	\N	2024-04-20 20:56:32.660068	Leuven	48	04720000046	3000	Street47	\N
50.89660975202241	4.717018412516296	2	2024-04-25 20:56:32.831949	56	\N	2024-04-20 20:56:32.83191	Leuven	49	04720000047	3000	Street48	\N
50.87992578889921	4.678946673435173	13	2024-04-25 20:56:33.005167	57	\N	2024-04-20 20:56:33.005131	Leuven	50	04720000048	3000	Street49	\N
50.88383732369361	4.7257210237717135	4	2024-04-25 20:56:33.174818	58	\N	2024-04-20 20:56:33.174807	Leuven	51	04720000049	3000	Street50	\N
50.90303647021879	4.689954441628701	14	2024-04-25 20:56:33.340075	59	\N	2024-04-20 20:56:33.340057	Leuven	52	04720000050	3000	Street51	\N
50.87761902895548	4.718613101933924	10	2024-04-25 20:56:33.50722	60	\N	2024-04-20 20:56:33.507191	Leuven	53	04720000051	3000	Street52	\N
50.87784807287175	4.723325321182016	3	2024-04-25 20:56:33.670605	61	\N	2024-04-20 20:56:33.670538	Leuven	54	04720000052	3000	Street53	\N
50.89145592426283	4.706476293421232	10	2024-04-25 20:56:33.831271	62	\N	2024-04-20 20:56:33.831255	Leuven	55	04720000053	3000	Street54	\N
50.87852891598761	4.681327522047259	6	2024-04-25 20:56:34.004422	63	\N	2024-04-20 20:56:34.00441	Leuven	56	04720000054	3000	Street55	\N
50.87561721977928	4.6879060196073326	15	2024-04-25 20:56:34.167474	64	\N	2024-04-20 20:56:34.167454	Leuven	57	04720000055	3000	Street56	\N
50.87474225698813	4.696863441101143	6	2024-04-25 20:56:34.333208	65	\N	2024-04-20 20:56:34.333159	Leuven	58	04720000056	3000	Street57	\N
50.865696377023795	4.698184588993226	10	2024-04-25 20:56:34.502601	66	\N	2024-04-20 20:56:34.502591	Leuven	59	04720000057	3000	Street58	\N
50.90035975259383	4.701709919204836	8	2024-04-25 20:56:34.663773	67	\N	2024-04-20 20:56:34.663764	Leuven	60	04720000058	3000	Street59	\N
50.86476996621882	4.7095156338764115	2	2024-04-25 20:56:34.824845	68	\N	2024-04-20 20:56:34.824817	Leuven	61	04720000059	3000	Street60	\N
50.90009911563207	4.712761820230134	9	2024-04-25 20:56:34.998579	69	\N	2024-04-20 20:56:34.99855	Leuven	62	04720000060	3000	Street61	\N
50.90440617827527	4.715574266297425	17	2024-04-25 20:56:35.171699	70	\N	2024-04-20 20:56:35.171676	Leuven	63	04720000061	3000	Street62	\N
50.87757994282507	4.697675714676936	16	2024-04-25 20:56:35.357431	71	\N	2024-04-20 20:56:35.357395	Leuven	64	04720000062	3000	Street63	\N
50.85696713170154	4.714040268064433	5	2024-04-25 20:56:35.539031	72	\N	2024-04-20 20:56:35.539022	Leuven	65	04720000063	3000	Street64	\N
50.86814517022323	4.69092961010844	13	2024-04-25 20:56:35.712412	73	\N	2024-04-20 20:56:35.712384	Leuven	66	04720000064	3000	Street65	\N
50.85665890480255	4.701806995497434	8	2024-04-25 20:56:35.877311	74	\N	2024-04-20 20:56:35.877302	Leuven	67	04720000065	3000	Street66	\N
50.892461655181165	4.6862462920709795	17	2024-04-25 20:56:36.039416	75	\N	2024-04-20 20:56:36.039407	Leuven	68	04720000066	3000	Street67	\N
50.87960547414881	4.718896571661179	15	2024-04-25 20:56:36.439528	76	\N	2024-04-20 20:56:36.4395	Leuven	69	04720000067	3000	Street68	\N
50.86239188318936	4.681571982049583	1	2024-04-25 20:56:36.609773	77	\N	2024-04-20 20:56:36.609745	Leuven	70	04720000068	3000	Street69	\N
50.88385750285348	4.718762346839098	2	2024-04-25 20:56:36.791922	78	\N	2024-04-20 20:56:36.791885	Leuven	71	04720000069	3000	Street70	\N
50.85891982599665	4.69835867514261	8	2024-04-25 20:56:36.959056	79	\N	2024-04-20 20:56:36.959027	Leuven	72	04720000070	3000	Street71	\N
50.86869420489383	4.7046224804306	10	2024-04-25 20:56:37.117692	80	\N	2024-04-20 20:56:37.117683	Leuven	73	04720000071	3000	Street72	\N
50.883017481391036	4.687767647795862	4	2024-04-25 20:56:37.297483	81	\N	2024-04-20 20:56:37.297451	Leuven	74	04720000072	3000	Street73	\N
50.878836249730846	4.703743887229968	13	2024-04-25 20:56:37.454232	82	\N	2024-04-20 20:56:37.454208	Leuven	75	04720000073	3000	Street74	\N
50.89425464646995	4.7225932564108835	1	2024-04-25 20:56:37.61984	83	\N	2024-04-20 20:56:37.619813	Leuven	76	04720000074	3000	Street75	\N
50.90325997955782	4.704183714558137	3	2024-04-25 20:56:37.782978	84	\N	2024-04-20 20:56:37.782967	Leuven	77	04720000075	3000	Street76	\N
50.898682995110896	4.705200321166858	3	2024-04-25 20:56:37.960778	85	\N	2024-04-20 20:56:37.960753	Leuven	78	04720000076	3000	Street77	\N
50.90018792051538	4.701395845073816	4	2024-04-25 20:56:38.119451	86	\N	2024-04-20 20:56:38.119422	Leuven	79	04720000077	3000	Street78	\N
50.87706653696247	4.698574991231681	3	2024-04-25 20:56:38.286722	87	\N	2024-04-20 20:56:38.286713	Leuven	80	04720000078	3000	Street79	\N
50.869527892235205	4.695322881275481	10	2024-04-25 20:56:38.534818	88	\N	2024-04-20 20:56:38.53479	Leuven	81	04720000079	3000	Street80	\N
50.85688405867249	4.709708160736458	12	2024-04-25 20:56:38.740596	89	\N	2024-04-20 20:56:38.740585	Leuven	82	04720000080	3000	Street81	\N
50.89154274477416	4.6921194084009334	7	2024-04-25 20:56:38.921856	90	\N	2024-04-20 20:56:38.921827	Leuven	83	04720000081	3000	Street82	\N
50.876695165156576	4.7219621183188645	8	2024-04-25 20:56:39.103046	91	\N	2024-04-20 20:56:39.103038	Leuven	84	04720000082	3000	Street83	\N
50.855855033348575	4.698490235920772	15	2024-04-25 20:56:39.274784	92	\N	2024-04-20 20:56:39.274759	Leuven	85	04720000083	3000	Street84	\N
50.86944003831153	4.685815276227759	12	2024-04-25 20:56:39.439447	93	\N	2024-04-20 20:56:39.439438	Leuven	86	04720000084	3000	Street85	\N
50.868025710728055	4.700777724501498	11	2024-04-25 20:56:39.602051	94	\N	2024-04-20 20:56:39.602043	Leuven	87	04720000085	3000	Street86	\N
50.90203407602376	4.685436458948243	14	2024-04-25 20:56:39.763833	95	\N	2024-04-20 20:56:39.763824	Leuven	88	04720000086	3000	Street87	\N
50.891893173955715	4.695395173459931	11	2024-04-25 20:56:39.933149	96	\N	2024-04-20 20:56:39.933115	Leuven	89	04720000087	3000	Street88	\N
50.90222205310867	4.7019093487188695	1	2024-04-25 20:56:40.112855	97	\N	2024-04-20 20:56:40.112825	Leuven	90	04720000088	3000	Street89	\N
50.86461876932291	4.681978650084013	10	2024-04-25 20:56:40.273466	98	\N	2024-04-20 20:56:40.273458	Leuven	91	04720000089	3000	Street90	\N
50.8800724972698	4.6926093770680275	7	2024-04-25 20:56:40.43621	99	\N	2024-04-20 20:56:40.4362	Leuven	92	04720000090	3000	Street91	\N
50.85795713649707	4.695717518955789	4	2024-04-25 20:56:40.594214	100	\N	2024-04-20 20:56:40.594186	Leuven	93	04720000091	3000	Street92	\N
50.86072145572426	4.700229433565367	5	2024-04-25 20:56:40.752877	101	\N	2024-04-20 20:56:40.752867	Leuven	94	04720000092	3000	Street93	\N
50.903654511696935	4.690724335439772	4	2024-04-25 20:56:40.93849	102	\N	2024-04-20 20:56:40.938479	Leuven	95	04720000093	3000	Street94	\N
50.887015878150045	4.694257444727735	14	2024-04-25 20:56:41.12627	103	\N	2024-04-20 20:56:41.12626	Leuven	96	04720000094	3000	Street95	\N
50.90307541588357	4.692017652875362	17	2024-04-25 20:56:41.28294	104	\N	2024-04-20 20:56:41.28293	Leuven	97	04720000095	3000	Street96	\N
50.875560319745155	4.682328006190731	14	2024-04-25 20:56:41.445061	105	\N	2024-04-20 20:56:41.444996	Leuven	98	04720000096	3000	Street97	\N
50.90116787658686	4.709716673381445	9	2024-04-25 20:56:41.612204	106	\N	2024-04-20 20:56:41.612175	Leuven	99	04720000097	3000	Street98	\N
50.867336722713965	4.708801879775523	3	2024-04-25 20:56:41.772945	107	\N	2024-04-20 20:56:41.772936	Leuven	100	04720000098	3000	Street99	\N
50.872699622461454	4.705384569896809	7	2024-04-25 20:56:41.940139	108	\N	2024-04-20 20:56:41.94013	Leuven	101	04720000099	3000	Street100	\N
36.72378899531163	-8.664541617751707	10	2024-04-27 13:59:24.119056	109	\N	2024-04-22 13:59:24.119056	RandomCarCity	2	0472000000	1	RandomCarStreet	\N
37.01304287196324	-2.9181887989974697	14	2024-04-22 03:43:37.289521	110	\N	2024-04-14 03:43:37.289521	RandomCarCity	3	0472000000	1	RandomCarStreet	\N
38.13811852607182	-6.832600613894965	15	2024-04-20 11:49:59.455168	111	\N	2024-04-12 11:49:59.455168	RandomCarCity	4	0472000000	1	RandomCarStreet	\N
36.84584871602531	15.166048993771007	5	2024-05-03 14:03:56.61549	112	\N	2024-04-28 14:03:56.61549	RandomCarCity	5	0472000000	1	RandomCarStreet	\N
50.12943238713446	12.434248012496703	18	2024-05-11 22:04:46.786704	113	\N	2024-05-08 22:04:46.786704	RandomCarCity	6	0472000000	1	RandomCarStreet	\N
58.020138120060395	16.770331710656038	14	2024-04-19 14:58:28.958318	114	\N	2024-04-15 14:58:28.958318	RandomCarCity	7	0472000000	1	RandomCarStreet	\N
43.37445315733797	1.3664789797551258	14	2024-04-20 04:08:32.12556	115	\N	2024-04-14 04:08:32.12556	RandomCarCity	8	0472000000	1	RandomCarStreet	\N
41.98930735272211	24.68498713336046	13	2024-05-06 03:53:46.291227	116	\N	2024-05-03 03:53:46.291227	RandomCarCity	9	0472000000	1	RandomCarStreet	\N
55.07304884255815	-1.7917102168114987	14	2024-05-04 06:02:26.449938	117	\N	2024-04-26 06:02:26.449938	RandomCarCity	10	0472000000	1	RandomCarStreet	\N
58.53098342551007	-7.354687777873187	1	2024-05-02 05:30:11.617565	118	\N	2024-04-29 05:30:11.617565	RandomCarCity	11	0472000000	1	RandomCarStreet	\N
47.57978798360645	17.11770516191516	5	2024-04-25 01:52:57.787282	119	\N	2024-04-19 01:52:57.787282	RandomCarCity	12	0472000000	1	RandomCarStreet	\N
38.83532508725541	-9.563630438063651	1	2024-05-14 04:07:14.957703	120	\N	2024-05-09 04:07:14.957703	RandomCarCity	13	0472000000	1	RandomCarStreet	\N
53.12064006077196	11.760547707723308	11	2024-05-03 16:32:11.121712	121	\N	2024-04-23 16:32:11.121712	RandomCarCity	14	0472000000	1	RandomCarStreet	\N
54.285851358167434	16.141714363212238	9	2024-05-05 13:48:36.286239	122	\N	2024-04-30 13:48:36.286239	RandomCarCity	15	0472000000	1	RandomCarStreet	\N
59.34039924946398	-4.623948971293894	15	2024-05-08 19:58:03.447495	123	\N	2024-04-28 19:58:03.447495	RandomCarCity	16	0472000000	1	RandomCarStreet	\N
45.94469543325921	12.975618004750483	15	2024-05-07 04:18:07.615408	124	\N	2024-04-29 04:18:07.615408	RandomCarCity	17	0472000000	1	RandomCarStreet	\N
50.86141641669957	17.855635853960543	2	2024-04-25 00:00:41.792387	125	\N	2024-04-21 00:00:41.792387	RandomCarCity	18	0472000000	1	RandomCarStreet	\N
38.83566621437551	3.2771389702483678	1	2024-05-07 18:43:09.963911	126	\N	2024-04-29 18:43:09.963911	RandomCarCity	19	0472000000	1	RandomCarStreet	\N
53.84539393973402	9.865647962736926	6	2024-04-25 04:42:15.137434	127	\N	2024-04-23 04:42:15.137434	RandomCarCity	20	0472000000	1	RandomCarStreet	\N
56.83401087000175	1.0223355913059375	5	2024-04-26 08:56:27.304208	128	\N	2024-04-24 08:56:27.304208	RandomCarCity	21	0472000000	1	RandomCarStreet	\N
36.19760334932349	13.614131638826173	6	2024-05-09 03:44:24.469321	129	\N	2024-05-07 03:44:24.469321	RandomCarCity	22	0472000000	1	RandomCarStreet	\N
39.87051657783489	-1.1612640311006093	3	2024-05-04 19:27:59.624555	130	\N	2024-04-26 19:27:59.624555	RandomCarCity	23	0472000000	1	RandomCarStreet	\N
48.72536151701702	11.83204360706156	6	2024-05-03 04:36:52.793858	131	\N	2024-04-30 04:36:52.793858	RandomCarCity	24	0472000000	1	RandomCarStreet	\N
58.26103004630484	-7.026716228020636	18	2024-05-04 09:48:00.952716	132	\N	2024-04-27 09:48:00.952716	RandomCarCity	25	0472000000	1	RandomCarStreet	\N
55.39592283678529	13.05019245398919	12	2024-04-16 16:04:40.126712	133	\N	2024-04-14 16:04:40.126712	RandomCarCity	26	0472000000	1	RandomCarStreet	\N
37.536996450572644	6.100585701403574	12	2024-04-24 20:39:34.291866	134	\N	2024-04-17 20:39:34.291866	RandomCarCity	27	0472000000	1	RandomCarStreet	\N
40.41043753034922	13.838465006948354	3	2024-05-16 12:00:35.449458	135	\N	2024-05-09 12:00:35.449458	RandomCarCity	28	0472000000	1	RandomCarStreet	\N
51.651171044881025	0.3225122692277118	18	2024-05-12 04:34:27.614473	136	\N	2024-05-09 04:34:27.614473	RandomCarCity	29	0472000000	1	RandomCarStreet	\N
50.80129756069329	-3.8352040611809555	14	2024-04-29 22:36:50.783389	137	\N	2024-04-26 22:36:50.783389	RandomCarCity	30	0472000000	1	RandomCarStreet	\N
45.891852276695985	21.262919868093803	5	2024-05-14 22:17:21.948726	138	\N	2024-05-08 22:17:21.948726	RandomCarCity	31	0472000000	1	RandomCarStreet	\N
37.70154585682755	-5.295947988376556	10	2024-05-01 16:03:44.114392	139	\N	2024-04-23 16:03:44.114392	RandomCarCity	32	0472000000	1	RandomCarStreet	\N
36.64972102788461	22.962946733153018	10	2024-05-05 03:51:30.289958	140	\N	2024-05-03 03:51:30.289958	RandomCarCity	33	0472000000	1	RandomCarStreet	\N
46.12238392590474	15.397295861504222	8	2024-04-18 11:00:11.448262	141	\N	2024-04-12 11:00:11.448262	RandomCarCity	34	0472000000	1	RandomCarStreet	\N
58.102198627819575	-6.280764021998104	11	2024-05-04 12:00:52.612927	142	\N	2024-05-02 12:00:52.612927	RandomCarCity	35	0472000000	1	RandomCarStreet	\N
38.96453551413748	0.4967579002216631	14	2024-04-23 11:20:24.778958	143	\N	2024-04-15 11:20:24.778958	RandomCarCity	36	0472000000	1	RandomCarStreet	\N
53.78643080982076	16.87148952660591	17	2024-05-09 07:57:13.945994	144	\N	2024-05-06 07:57:13.945994	RandomCarCity	37	0472000000	1	RandomCarStreet	\N
58.45766039235162	-8.912379400182783	10	2024-04-16 08:27:17.11773	145	\N	2024-04-11 08:27:17.11773	RandomCarCity	38	0472000000	1	RandomCarStreet	\N
38.344852562854065	15.386062019359851	17	2024-05-19 04:48:22.280561	146	\N	2024-05-09 04:48:22.280561	RandomCarCity	39	0472000000	1	RandomCarStreet	\N
45.01275816664708	11.527310240313167	5	2024-05-05 17:52:48.437491	147	\N	2024-04-29 17:52:48.437491	RandomCarCity	40	0472000000	1	RandomCarStreet	\N
46.809394086319216	4.1993499169004025	10	2024-05-01 21:57:21.606809	148	\N	2024-04-29 21:57:21.606809	RandomCarCity	41	0472000000	1	RandomCarStreet	\N
48.81628143749678	-9.857086687765296	7	2024-05-06 05:05:37.774526	149	\N	2024-05-01 05:05:37.774526	RandomCarCity	42	0472000000	1	RandomCarStreet	\N
43.18555793456339	15.742817210547017	8	2024-04-23 21:21:03.935885	150	\N	2024-04-16 21:21:03.935885	RandomCarCity	43	0472000000	1	RandomCarStreet	\N
45.748025725678	19.580151931935895	7	2024-05-09 01:59:29.10041	151	\N	2024-05-01 01:59:29.10041	RandomCarCity	44	0472000000	1	RandomCarStreet	\N
59.81441703059309	-7.433481652715244	15	2024-05-03 18:13:44.261846	152	\N	2024-04-23 18:13:44.261846	RandomCarCity	45	0472000000	1	RandomCarStreet	\N
44.91903969173613	13.554892312045439	18	2024-04-13 05:23:33.449726	153	\N	2024-04-11 05:23:33.449726	RandomCarCity	46	0472000000	1	RandomCarStreet	\N
44.82335761254565	7.443372582147052	16	2024-05-05 22:14:02.620967	154	\N	2024-05-02 22:14:02.620967	RandomCarCity	47	0472000000	1	RandomCarStreet	\N
56.49922514235375	0.1333526302570558	13	2024-05-07 09:11:48.792485	155	\N	2024-04-30 09:11:48.792485	RandomCarCity	48	0472000000	1	RandomCarStreet	\N
42.589729081963085	21.722795580037005	3	2024-05-01 16:44:24.953439	156	\N	2024-04-26 16:44:24.953439	RandomCarCity	49	0472000000	1	RandomCarStreet	\N
58.06800955013003	11.831455562797917	7	2024-04-20 13:01:26.116861	157	\N	2024-04-17 13:01:26.116861	RandomCarCity	50	0472000000	1	RandomCarStreet	\N
55.480533326151566	-7.190020437246319	17	2024-04-28 01:02:27.284899	158	\N	2024-04-23 01:02:27.284899	RandomCarCity	51	0472000000	1	RandomCarStreet	\N
54.17807086914088	14.972307023650298	12	2024-04-28 04:16:44.448664	159	\N	2024-04-22 04:16:44.448664	RandomCarCity	52	0472000000	1	RandomCarStreet	\N
42.28366028504991	-1.3982748171068469	10	2024-04-26 06:43:08.620129	160	\N	2024-04-17 06:43:08.620129	RandomCarCity	53	0472000000	1	RandomCarStreet	\N
53.10939759401857	19.188709530621402	2	2024-05-10 00:16:11.797957	161	\N	2024-05-07 00:16:11.797957	RandomCarCity	54	0472000000	1	RandomCarStreet	\N
36.182316443043696	5.976682858519132	18	2024-05-01 12:13:36.96136	162	\N	2024-04-27 12:13:36.96136	RandomCarCity	55	0472000000	1	RandomCarStreet	\N
50.487368983901874	20.178926403568315	10	2024-04-22 21:15:52.122306	163	\N	2024-04-19 21:15:52.122306	RandomCarCity	56	0472000000	1	RandomCarStreet	\N
36.41696851561597	-8.55540590295405	12	2024-04-20 06:06:34.297433	164	\N	2024-04-11 06:06:34.297433	RandomCarCity	57	0472000000	1	RandomCarStreet	\N
49.73801573025753	-1.7725587347898468	7	2024-05-08 23:39:11.4591	165	\N	2024-04-30 23:39:11.4591	RandomCarCity	58	0472000000	1	RandomCarStreet	\N
38.48511214869551	11.676852141214344	18	2024-04-22 08:01:44.623893	166	\N	2024-04-15 08:01:44.623893	RandomCarCity	59	0472000000	1	RandomCarStreet	\N
50.87718637732748	-1.6400906754591915	13	2024-05-07 03:24:17.801432	167	\N	2024-04-29 03:24:17.801432	RandomCarCity	60	0472000000	1	RandomCarStreet	\N
42.278970640642875	-1.4516829150180968	2	2024-05-05 08:51:18.964383	168	\N	2024-04-30 08:51:18.964383	RandomCarCity	61	0472000000	1	RandomCarStreet	\N
49.712332109400464	2.6791628841506956	9	2024-04-26 10:36:29.130086	169	\N	2024-04-19 10:36:29.130086	RandomCarCity	62	0472000000	1	RandomCarStreet	\N
57.43471003351219	13.2934657619751	11	2024-05-03 00:52:52.293534	170	\N	2024-05-01 00:52:52.293534	RandomCarCity	63	0472000000	1	RandomCarStreet	\N
38.62085312736363	16.454702565525764	2	2024-04-25 12:54:45.450061	171	\N	2024-04-19 12:54:45.450061	RandomCarCity	64	0472000000	1	RandomCarStreet	\N
50.5629407637904	15.411163269805385	16	2024-05-10 13:02:25.613704	172	\N	2024-05-05 13:02:25.613704	RandomCarCity	65	0472000000	1	RandomCarStreet	\N
49.46578056394165	18.91257266682547	10	2024-05-06 14:00:14.77266	173	\N	2024-04-26 14:00:14.77266	RandomCarCity	66	0472000000	1	RandomCarStreet	\N
39.65055004229874	2.403058476300302	8	2024-04-26 18:55:04.932139	174	\N	2024-04-16 18:55:04.932139	RandomCarCity	67	0472000000	1	RandomCarStreet	\N
58.492222783399015	24.752855956004332	13	2024-05-10 13:14:04.090729	175	\N	2024-05-04 13:14:04.090729	RandomCarCity	68	0472000000	1	RandomCarStreet	\N
57.824770444389145	23.884014988070412	12	2024-05-03 04:34:22.251822	176	\N	2024-04-27 04:34:22.251822	RandomCarCity	69	0472000000	1	RandomCarStreet	\N
39.187498164771995	23.21885897702711	8	2024-04-21 20:35:30.413921	177	\N	2024-04-13 20:35:30.413921	RandomCarCity	70	0472000000	1	RandomCarStreet	\N
47.8011496287849	10.556213904773013	13	2024-04-28 10:54:44.576319	178	\N	2024-04-22 10:54:44.576319	RandomCarCity	71	0472000000	1	RandomCarStreet	\N
56.55897549378636	-1.675984548478084	17	2024-05-02 03:09:39.731465	179	\N	2024-04-24 03:09:39.731465	RandomCarCity	72	0472000000	1	RandomCarStreet	\N
59.396077437423386	5.9157624175412185	13	2024-05-02 12:05:03.900394	180	\N	2024-04-23 12:05:03.900394	RandomCarCity	73	0472000000	1	RandomCarStreet	\N
39.32636383780626	23.181989302851562	1	2024-05-09 23:18:30.062079	181	\N	2024-05-03 23:18:30.062079	RandomCarCity	74	0472000000	1	RandomCarStreet	\N
53.29108867576327	24.577787024141784	16	2024-04-26 21:06:38.235564	182	\N	2024-04-21 21:06:38.235564	RandomCarCity	75	0472000000	1	RandomCarStreet	\N
47.390847731884165	22.486422097434364	18	2024-05-15 11:10:25.398799	183	\N	2024-05-07 11:10:25.398799	RandomCarCity	76	0472000000	1	RandomCarStreet	\N
53.17413840793137	0.7567753912328445	6	2024-05-01 10:22:43.565715	184	\N	2024-04-22 10:22:43.565715	RandomCarCity	77	0472000000	1	RandomCarStreet	\N
56.25474725086771	14.190465361312583	1	2024-05-02 01:51:40.731182	185	\N	2024-04-27 01:51:40.731182	RandomCarCity	78	0472000000	1	RandomCarStreet	\N
44.97144455889044	21.29655646305734	12	2024-05-03 22:42:04.903917	186	\N	2024-04-23 22:42:04.903917	RandomCarCity	79	0472000000	1	RandomCarStreet	\N
40.15204639807248	20.584755112925635	16	2024-05-03 19:48:05.084719	187	\N	2024-04-28 19:48:05.084719	RandomCarCity	80	0472000000	1	RandomCarStreet	\N
59.059095846763924	13.269776909254507	15	2024-05-04 07:15:08.24496	188	\N	2024-04-26 07:15:08.24496	RandomCarCity	81	0472000000	1	RandomCarStreet	\N
41.15114009568957	20.91683076195293	12	2024-04-29 20:08:25.412595	189	\N	2024-04-23 20:08:25.412595	RandomCarCity	82	0472000000	1	RandomCarStreet	\N
41.473296672255486	0.3441974187027359	15	2024-04-27 05:41:47.581733	190	\N	2024-04-17 05:41:47.581733	RandomCarCity	83	0472000000	1	RandomCarStreet	\N
36.9615121947584	9.34900039084389	8	2024-05-13 19:20:26.74457	191	\N	2024-05-06 19:20:26.74457	RandomCarCity	84	0472000000	1	RandomCarStreet	\N
50.532348963808694	1.0293090191158178	4	2024-04-26 22:28:55.928875	192	\N	2024-04-19 22:28:55.928875	RandomCarCity	85	0472000000	1	RandomCarStreet	\N
48.49400125297566	14.578212463390614	15	2024-05-07 07:18:56.085678	193	\N	2024-05-03 07:18:56.085678	RandomCarCity	86	0472000000	1	RandomCarStreet	\N
52.61714314121859	18.055818455322058	1	2024-05-04 12:55:50.26345	194	\N	2024-04-25 12:55:50.26345	RandomCarCity	87	0472000000	1	RandomCarStreet	\N
49.048475751130454	18.734990564073932	12	2024-05-18 11:44:14.430811	195	\N	2024-05-09 11:44:14.430811	RandomCarCity	88	0472000000	1	RandomCarStreet	\N
41.97151109344256	20.077789473913697	1	2024-05-16 19:34:31.593493	196	\N	2024-05-09 19:34:31.593493	RandomCarCity	89	0472000000	1	RandomCarStreet	\N
43.24913642017503	4.051087952792923	5	2024-04-25 21:09:53.758783	197	\N	2024-04-19 21:09:53.758783	RandomCarCity	90	0472000000	1	RandomCarStreet	\N
48.547851321426485	-0.11971520099744026	9	2024-04-27 06:21:47.946609	198	\N	2024-04-23 06:21:47.946609	RandomCarCity	91	0472000000	1	RandomCarStreet	\N
45.67355960047574	1.3313391060323276	7	2024-04-15 22:55:24.112816	199	\N	2024-04-13 22:55:24.112816	RandomCarCity	92	0472000000	1	RandomCarStreet	\N
56.4675027466391	22.62703896841375	9	2024-04-20 23:42:27.279068	200	\N	2024-04-12 23:42:27.279068	RandomCarCity	93	0472000000	1	RandomCarStreet	\N
49.38494809304812	7.127879736564253	9	2024-05-12 23:09:52.449136	201	\N	2024-05-03 23:09:52.449136	RandomCarCity	94	0472000000	1	RandomCarStreet	\N
46.11299098407852	15.113656925464785	16	2024-04-21 19:42:29.617338	202	\N	2024-04-16 19:42:29.617338	RandomCarCity	95	0472000000	1	RandomCarStreet	\N
58.928917415700624	24.468485671960806	14	2024-05-08 12:47:19.80566	203	\N	2024-04-30 12:47:19.80566	RandomCarCity	96	0472000000	1	RandomCarStreet	\N
51.112301298794	8.449221283619739	5	2024-04-28 22:55:36.964181	204	\N	2024-04-19 22:55:36.964181	RandomCarCity	97	0472000000	1	RandomCarStreet	\N
39.79413726981407	-2.121807053339616	15	2024-05-02 21:54:17.12542	205	\N	2024-04-30 21:54:17.12542	RandomCarCity	98	0472000000	1	RandomCarStreet	\N
51.03637432822403	18.1909916195301	13	2024-05-09 05:56:11.28511	206	\N	2024-05-05 05:56:11.28511	RandomCarCity	99	0472000000	1	RandomCarStreet	\N
50.56919229717177	7.895094976179735	3	2024-05-08 00:55:24.452575	207	\N	2024-05-02 00:55:24.452575	RandomCarCity	100	0472000000	1	RandomCarStreet	\N
53.47615623074841	18.501743518250052	3	2024-04-24 06:14:18.621551	208	\N	2024-04-17 06:14:18.621551	RandomCarCity	101	0472000000	1	RandomCarStreet	\N
50.980818049999996	4.949702287762317	2	2024-04-30 10:00:00	209	\N	2024-04-25 10:02:00	zichem	42	0000000000	3271	vossenberg	\N
50.980818049999996	4.949702287762317	3	2024-04-25 10:00:00	210	\N	2024-06-25 10:00:00	zichem	42	0000000000	3271	vossenberg	\N
50.98074225	4.949484527820143	19	2030-04-20 10:00:00	211	\N	2024-04-20 10:00:00	zichem	44	0000000000	3271	vossenberg	\N
\.


--
-- TOC entry 4028 (class 0 OID 26251)
-- Dependencies: 227
-- Data for Name: rents; Type: TABLE DATA; Schema: public; Owner: team15
--

COPY public.rents (active, birth_date, end_fuel, end_mileage, price, start_fuel, start_mileage, car_id, end_date, id, rental_id, renter_user_id, start_date, driving_license_number, national_identification_number, phone_number, email, payed) FROM stdin;
t	1995-05-15	0	0	0	0	0	1	\N	2	2	3	\N	987654321	987654321	0472000001	\N	\N
f	2002-03-25	0	0	0	0	0	5	\N	6	8	8	\N	0000000000	00000000000	0000000000	\N	\N
f	2003-12-26	0	0	0	0	0	10	\N	52	60	6	\N	0123456789	03122600174	0494647893	\N	\N
f	2003-12-26	0	0	0	0	0	14	\N	53	59	6	\N	0123456789	03122600174	0494647893	\N	\N
f	2003-12-26	0	0	0	0	0	8	\N	54	91	6	\N	0123456789	03122600174	0494647893	\N	\N
t	2000-01-01	90	1000	0	100	100	1	2024-04-20 22:48:30.93899	1	1	3	2024-04-20 21:40:41.037397	123456789	123456789	0472000000	\N	\N
t	1992-12-25	0	0	0	100	1000	3	\N	5	5	3	2024-04-20 22:56:07.82435	369852147	369852147	0472000004	\N	\N
\.


--
-- TOC entry 4029 (class 0 OID 26260)
-- Dependencies: 228
-- Data for Name: room; Type: TABLE DATA; Schema: public; Owner: team15
--

COPY public.room (room_id, room_name) FROM stdin;
general	General Chat
bot-2	Boxter Buddy
bot-3	Boxter Buddy
bot-4	Boxter Buddy
bot-5	Boxter Buddy
bot-6	Boxter Buddy
bot-7	Boxter Buddy
bot-8	Boxter Buddy
\.


--
-- TOC entry 4030 (class 0 OID 26267)
-- Dependencies: 229
-- Data for Name: room_chats; Type: TABLE DATA; Schema: public; Owner: team15
--

COPY public.room_chats (chats_id, room_room_id) FROM stdin;
fc1486c6-ffaf-4c17-bce7-b4731cf7171e	bot-2
4bc47e59-44c3-40b2-9612-ae10928726d2	bot-3
e60bf0d5-40f6-484d-baa5-650bae44fd81	bot-4
a8287b4e-3006-4dab-9930-63bdb9ea28d6	bot-5
c1f9f081-0b73-400d-9c82-597695d5d3c5	bot-6
951edff4-18d3-4e7d-9974-40649fd4f4a3	bot-7
c0c9eeb6-8a6e-4a19-8914-bbaee15ba4ea	bot-8
\.


--
-- TOC entry 4031 (class 0 OID 26274)
-- Dependencies: 230
-- Data for Name: room_users; Type: TABLE DATA; Schema: public; Owner: team15
--

COPY public.room_users (users_user_id, room_room_id) FROM stdin;
2	bot-2
1	bot-2
3	bot-3
1	bot-3
4	bot-4
1	bot-4
5	bot-5
1	bot-5
6	bot-6
1	bot-6
7	bot-7
1	bot-7
2	general
3	general
4	general
5	general
6	general
7	general
8	general
8	bot-8
1	bot-8
\.


--
-- TOC entry 4032 (class 0 OID 26277)
-- Dependencies: 231
-- Data for Name: user_model; Type: TABLE DATA; Schema: public; Owner: team15
--

COPY public.user_model (enabled, locked, user_id, email, password, role) FROM stdin;
t	f	1	boxter.buddy@ucll.be	$2a$10$/b71Mw4.RMVTLAVHeJ97t.Cd07q823uiCbK6d9GEtoK6btl3pByeK	BOT
t	f	2	rein@ucll.be	$2a$10$9xfRSqVEWsKbQrqtR1mofesBqBVUX64JsM46VJYycXq6Y3g1/.tTu	OWNER
t	f	4	bram@ucll.be	$2a$10$Zk3jZCfWlZrYbC7xljU1FeHV7sMxyX1SVN6Wl.7dYTNwEAJfGVx6i	ACCOUNTANT
t	f	5	bramgeboers@ucll.be	$2a$10$27/5L87IGOF8JJY3P2ZXd.YA.Ae3MFo/IPYg8UVro21TBxoM8GbTq	ADMIN
t	f	6	loveleen@ucll.be	$2a$10$QyeMJ/n442celIttiQvgSuNohwypVgUm7C6XchJy.TJx7c0JmLWoq	ADMIN
t	f	7	wout@ucll.be	$2a$10$8kdB6mV8jHCW2s/ileVcdego8bOgsKDlMvHwcff2/h9T.bhOfYHTW	ADMIN
t	f	8	torben@ucll.be	$2a$10$dAENxiV0G365qVO0NzYrX.BEAlrHRd3vjbVKPNrRRxh83SWxFtLta	OWNER
t	f	3	axel@ucll.be	$2a$10$G8JGqh9MgcVZxSGIqalFp.FN2BA.JuUxaibnDkbuQqrW2x.0NqA/q	RENTER
\.


--
-- TOC entry 4033 (class 0 OID 26285)
-- Dependencies: 232
-- Data for Name: user_model_rooms; Type: TABLE DATA; Schema: public; Owner: team15
--

COPY public.user_model_rooms (user_model_user_id, rooms_room_id) FROM stdin;
2	bot-2
2	general
3	bot-3
3	general
4	bot-4
4	general
5	bot-5
5	general
6	bot-6
6	general
7	bot-7
7	general
8	bot-8
8	general
\.


--
-- TOC entry 4114 (class 0 OID 0)
-- Dependencies: 216
-- Name: billing_seq; Type: SEQUENCE SET; Schema: public; Owner: team15
--

SELECT pg_catalog.setval('public.billing_seq', 1, false);


--
-- TOC entry 4115 (class 0 OID 0)
-- Dependencies: 217
-- Name: car_seq; Type: SEQUENCE SET; Schema: public; Owner: team15
--

SELECT pg_catalog.setval('public.car_seq', 51, true);


--
-- TOC entry 4116 (class 0 OID 0)
-- Dependencies: 218
-- Name: notifications_seq; Type: SEQUENCE SET; Schema: public; Owner: team15
--

SELECT pg_catalog.setval('public.notifications_seq', 151, true);


--
-- TOC entry 4117 (class 0 OID 0)
-- Dependencies: 219
-- Name: rentals_seq; Type: SEQUENCE SET; Schema: public; Owner: team15
--

SELECT pg_catalog.setval('public.rentals_seq', 251, true);


--
-- TOC entry 4118 (class 0 OID 0)
-- Dependencies: 220
-- Name: rents_seq; Type: SEQUENCE SET; Schema: public; Owner: team15
--

SELECT pg_catalog.setval('public.rents_seq', 101, true);


--
-- TOC entry 4119 (class 0 OID 0)
-- Dependencies: 221
-- Name: user_model_seq; Type: SEQUENCE SET; Schema: public; Owner: team15
--

SELECT pg_catalog.setval('public.user_model_seq', 51, true);


--
-- TOC entry 3833 (class 2606 OID 25366)
-- Name: billing billing_pkey; Type: CONSTRAINT; Schema: public; Owner: team15
--

ALTER TABLE ONLY public.billing
    ADD CONSTRAINT billing_pkey PRIMARY KEY (id);


--
-- TOC entry 3835 (class 2606 OID 26226)
-- Name: car car_license_plate_key; Type: CONSTRAINT; Schema: public; Owner: team15
--

ALTER TABLE ONLY public.car
    ADD CONSTRAINT car_license_plate_key UNIQUE (license_plate);


--
-- TOC entry 3837 (class 2606 OID 26224)
-- Name: car car_pkey; Type: CONSTRAINT; Schema: public; Owner: team15
--

ALTER TABLE ONLY public.car
    ADD CONSTRAINT car_pkey PRIMARY KEY (id);


--
-- TOC entry 3839 (class 2606 OID 26233)
-- Name: chat chat_pkey; Type: CONSTRAINT; Schema: public; Owner: team15
--

ALTER TABLE ONLY public.chat
    ADD CONSTRAINT chat_pkey PRIMARY KEY (id);


--
-- TOC entry 3841 (class 2606 OID 26243)
-- Name: notifications notifications_pkey; Type: CONSTRAINT; Schema: public; Owner: team15
--

ALTER TABLE ONLY public.notifications
    ADD CONSTRAINT notifications_pkey PRIMARY KEY (id);


--
-- TOC entry 3843 (class 2606 OID 26250)
-- Name: rentals rentals_pkey; Type: CONSTRAINT; Schema: public; Owner: team15
--

ALTER TABLE ONLY public.rentals
    ADD CONSTRAINT rentals_pkey PRIMARY KEY (id);


--
-- TOC entry 3845 (class 2606 OID 26257)
-- Name: rents rents_pkey; Type: CONSTRAINT; Schema: public; Owner: team15
--

ALTER TABLE ONLY public.rents
    ADD CONSTRAINT rents_pkey PRIMARY KEY (id);


--
-- TOC entry 3847 (class 2606 OID 26259)
-- Name: rents rents_rental_id_key; Type: CONSTRAINT; Schema: public; Owner: team15
--

ALTER TABLE ONLY public.rents
    ADD CONSTRAINT rents_rental_id_key UNIQUE (rental_id);


--
-- TOC entry 3851 (class 2606 OID 26273)
-- Name: room_chats room_chats_chats_id_key; Type: CONSTRAINT; Schema: public; Owner: team15
--

ALTER TABLE ONLY public.room_chats
    ADD CONSTRAINT room_chats_chats_id_key UNIQUE (chats_id);


--
-- TOC entry 3849 (class 2606 OID 26266)
-- Name: room room_pkey; Type: CONSTRAINT; Schema: public; Owner: team15
--

ALTER TABLE ONLY public.room
    ADD CONSTRAINT room_pkey PRIMARY KEY (room_id);


--
-- TOC entry 3853 (class 2606 OID 26284)
-- Name: user_model user_model_pkey; Type: CONSTRAINT; Schema: public; Owner: team15
--

ALTER TABLE ONLY public.user_model
    ADD CONSTRAINT user_model_pkey PRIMARY KEY (user_id);


--
-- TOC entry 3869 (class 2606 OID 26358)
-- Name: room_users fk28x5feju39276eu9nxstdtmpi; Type: FK CONSTRAINT; Schema: public; Owner: team15
--

ALTER TABLE ONLY public.room_users
    ADD CONSTRAINT fk28x5feju39276eu9nxstdtmpi FOREIGN KEY (users_user_id) REFERENCES public.user_model(user_id);


--
-- TOC entry 3855 (class 2606 OID 26298)
-- Name: chat fk6g98cvxpgcq6lvikse3gt22b5; Type: FK CONSTRAINT; Schema: public; Owner: team15
--

ALTER TABLE ONLY public.chat
    ADD CONSTRAINT fk6g98cvxpgcq6lvikse3gt22b5 FOREIGN KEY (sender_user_id) REFERENCES public.user_model(user_id);


--
-- TOC entry 3864 (class 2606 OID 26343)
-- Name: rents fk7fjhux5m64jl33wii2o0bys5r; Type: FK CONSTRAINT; Schema: public; Owner: team15
--

ALTER TABLE ONLY public.rents
    ADD CONSTRAINT fk7fjhux5m64jl33wii2o0bys5r FOREIGN KEY (renter_user_id) REFERENCES public.user_model(user_id);


--
-- TOC entry 3859 (class 2606 OID 26318)
-- Name: notifications fk8lwvxm9g0sgyqi4d2yk51xic0; Type: FK CONSTRAINT; Schema: public; Owner: team15
--

ALTER TABLE ONLY public.notifications
    ADD CONSTRAINT fk8lwvxm9g0sgyqi4d2yk51xic0 FOREIGN KEY (rent_id) REFERENCES public.rents(id);


--
-- TOC entry 3857 (class 2606 OID 26303)
-- Name: chat_read_by fk8w5495u6g106y1hdv50dj6bsy; Type: FK CONSTRAINT; Schema: public; Owner: team15
--

ALTER TABLE ONLY public.chat_read_by
    ADD CONSTRAINT fk8w5495u6g106y1hdv50dj6bsy FOREIGN KEY (read_by_user_id) REFERENCES public.user_model(user_id);


--
-- TOC entry 3856 (class 2606 OID 26293)
-- Name: chat fkbo41aqya6vplx7d7bosssfh5n; Type: FK CONSTRAINT; Schema: public; Owner: team15
--

ALTER TABLE ONLY public.chat
    ADD CONSTRAINT fkbo41aqya6vplx7d7bosssfh5n FOREIGN KEY (room_room_id) REFERENCES public.room(room_id);


--
-- TOC entry 3871 (class 2606 OID 26373)
-- Name: user_model_rooms fkd00eck2c15i6jv5foweyrukof; Type: FK CONSTRAINT; Schema: public; Owner: team15
--

ALTER TABLE ONLY public.user_model_rooms
    ADD CONSTRAINT fkd00eck2c15i6jv5foweyrukof FOREIGN KEY (user_model_user_id) REFERENCES public.user_model(user_id);


--
-- TOC entry 3862 (class 2606 OID 26323)
-- Name: rentals fkf4tkm3w1rxgdu75slxn7l9pjf; Type: FK CONSTRAINT; Schema: public; Owner: team15
--

ALTER TABLE ONLY public.rentals
    ADD CONSTRAINT fkf4tkm3w1rxgdu75slxn7l9pjf FOREIGN KEY (car_id) REFERENCES public.car(id);


--
-- TOC entry 3867 (class 2606 OID 26353)
-- Name: room_chats fkfeajub9fcc3ls4p3yfc0jubmh; Type: FK CONSTRAINT; Schema: public; Owner: team15
--

ALTER TABLE ONLY public.room_chats
    ADD CONSTRAINT fkfeajub9fcc3ls4p3yfc0jubmh FOREIGN KEY (room_room_id) REFERENCES public.room(room_id);


--
-- TOC entry 3872 (class 2606 OID 26368)
-- Name: user_model_rooms fkhe4bua8b2prwm1n4fpbbhdw0v; Type: FK CONSTRAINT; Schema: public; Owner: team15
--

ALTER TABLE ONLY public.user_model_rooms
    ADD CONSTRAINT fkhe4bua8b2prwm1n4fpbbhdw0v FOREIGN KEY (rooms_room_id) REFERENCES public.room(room_id);


--
-- TOC entry 3858 (class 2606 OID 26308)
-- Name: chat_read_by fki2qr8o8b6v26gwj3tind16pxa; Type: FK CONSTRAINT; Schema: public; Owner: team15
--

ALTER TABLE ONLY public.chat_read_by
    ADD CONSTRAINT fki2qr8o8b6v26gwj3tind16pxa FOREIGN KEY (chat_id) REFERENCES public.chat(id);


--
-- TOC entry 3868 (class 2606 OID 26348)
-- Name: room_chats fkigfmi9j6147tgwc4274bdnw32; Type: FK CONSTRAINT; Schema: public; Owner: team15
--

ALTER TABLE ONLY public.room_chats
    ADD CONSTRAINT fkigfmi9j6147tgwc4274bdnw32 FOREIGN KEY (chats_id) REFERENCES public.chat(id);


--
-- TOC entry 3860 (class 2606 OID 26313)
-- Name: notifications fkm4nvp8g9nel4nhan6fv0y6boa; Type: FK CONSTRAINT; Schema: public; Owner: team15
--

ALTER TABLE ONLY public.notifications
    ADD CONSTRAINT fkm4nvp8g9nel4nhan6fv0y6boa FOREIGN KEY (car_id) REFERENCES public.car(id);


--
-- TOC entry 3865 (class 2606 OID 26333)
-- Name: rents fknjcrad7h1iq43gadeqj1g1sbw; Type: FK CONSTRAINT; Schema: public; Owner: team15
--

ALTER TABLE ONLY public.rents
    ADD CONSTRAINT fknjcrad7h1iq43gadeqj1g1sbw FOREIGN KEY (car_id) REFERENCES public.car(id);


--
-- TOC entry 3861 (class 2606 OID 26379)
-- Name: notifications fkq9pxdhnss7m9d2anlvvlmblgi; Type: FK CONSTRAINT; Schema: public; Owner: team15
--

ALTER TABLE ONLY public.notifications
    ADD CONSTRAINT fkq9pxdhnss7m9d2anlvvlmblgi FOREIGN KEY (billing_id) REFERENCES public.billing(id);


--
-- TOC entry 3866 (class 2606 OID 26338)
-- Name: rents fkr0e9pdqsgg4wygglxr39ffddb; Type: FK CONSTRAINT; Schema: public; Owner: team15
--

ALTER TABLE ONLY public.rents
    ADD CONSTRAINT fkr0e9pdqsgg4wygglxr39ffddb FOREIGN KEY (rental_id) REFERENCES public.rentals(id);


--
-- TOC entry 3854 (class 2606 OID 26288)
-- Name: car fkruqd5kt54fjlel165bsgonpgp; Type: FK CONSTRAINT; Schema: public; Owner: team15
--

ALTER TABLE ONLY public.car
    ADD CONSTRAINT fkruqd5kt54fjlel165bsgonpgp FOREIGN KEY (owner_id) REFERENCES public.user_model(user_id);


--
-- TOC entry 3870 (class 2606 OID 26363)
-- Name: room_users fksfxfhv056y470wb30foi63hs5; Type: FK CONSTRAINT; Schema: public; Owner: team15
--

ALTER TABLE ONLY public.room_users
    ADD CONSTRAINT fksfxfhv056y470wb30foi63hs5 FOREIGN KEY (room_room_id) REFERENCES public.room(room_id);


--
-- TOC entry 3863 (class 2606 OID 26328)
-- Name: rentals fksnj8dv6v1ai34ahdmc8tnakas; Type: FK CONSTRAINT; Schema: public; Owner: team15
--

ALTER TABLE ONLY public.rentals
    ADD CONSTRAINT fksnj8dv6v1ai34ahdmc8tnakas FOREIGN KEY (rental_id) REFERENCES public.car(id);


--
-- TOC entry 4039 (class 0 OID 0)
-- Dependencies: 233
-- Name: FUNCTION pg_replication_origin_advance(text, pg_lsn); Type: ACL; Schema: pg_catalog; Owner: azuresu
--

GRANT ALL ON FUNCTION pg_catalog.pg_replication_origin_advance(text, pg_lsn) TO azure_pg_admin;


--
-- TOC entry 4040 (class 0 OID 0)
-- Dependencies: 246
-- Name: FUNCTION pg_replication_origin_create(text); Type: ACL; Schema: pg_catalog; Owner: azuresu
--

GRANT ALL ON FUNCTION pg_catalog.pg_replication_origin_create(text) TO azure_pg_admin;


--
-- TOC entry 4041 (class 0 OID 0)
-- Dependencies: 238
-- Name: FUNCTION pg_replication_origin_drop(text); Type: ACL; Schema: pg_catalog; Owner: azuresu
--

GRANT ALL ON FUNCTION pg_catalog.pg_replication_origin_drop(text) TO azure_pg_admin;


--
-- TOC entry 4042 (class 0 OID 0)
-- Dependencies: 239
-- Name: FUNCTION pg_replication_origin_oid(text); Type: ACL; Schema: pg_catalog; Owner: azuresu
--

GRANT ALL ON FUNCTION pg_catalog.pg_replication_origin_oid(text) TO azure_pg_admin;


--
-- TOC entry 4043 (class 0 OID 0)
-- Dependencies: 240
-- Name: FUNCTION pg_replication_origin_progress(text, boolean); Type: ACL; Schema: pg_catalog; Owner: azuresu
--

GRANT ALL ON FUNCTION pg_catalog.pg_replication_origin_progress(text, boolean) TO azure_pg_admin;


--
-- TOC entry 4044 (class 0 OID 0)
-- Dependencies: 241
-- Name: FUNCTION pg_replication_origin_session_is_setup(); Type: ACL; Schema: pg_catalog; Owner: azuresu
--

GRANT ALL ON FUNCTION pg_catalog.pg_replication_origin_session_is_setup() TO azure_pg_admin;


--
-- TOC entry 4045 (class 0 OID 0)
-- Dependencies: 242
-- Name: FUNCTION pg_replication_origin_session_progress(boolean); Type: ACL; Schema: pg_catalog; Owner: azuresu
--

GRANT ALL ON FUNCTION pg_catalog.pg_replication_origin_session_progress(boolean) TO azure_pg_admin;


--
-- TOC entry 4046 (class 0 OID 0)
-- Dependencies: 247
-- Name: FUNCTION pg_replication_origin_session_reset(); Type: ACL; Schema: pg_catalog; Owner: azuresu
--

GRANT ALL ON FUNCTION pg_catalog.pg_replication_origin_session_reset() TO azure_pg_admin;


--
-- TOC entry 4047 (class 0 OID 0)
-- Dependencies: 243
-- Name: FUNCTION pg_replication_origin_session_setup(text); Type: ACL; Schema: pg_catalog; Owner: azuresu
--

GRANT ALL ON FUNCTION pg_catalog.pg_replication_origin_session_setup(text) TO azure_pg_admin;


--
-- TOC entry 4048 (class 0 OID 0)
-- Dependencies: 244
-- Name: FUNCTION pg_replication_origin_xact_reset(); Type: ACL; Schema: pg_catalog; Owner: azuresu
--

GRANT ALL ON FUNCTION pg_catalog.pg_replication_origin_xact_reset() TO azure_pg_admin;


--
-- TOC entry 4049 (class 0 OID 0)
-- Dependencies: 245
-- Name: FUNCTION pg_replication_origin_xact_setup(pg_lsn, timestamp with time zone); Type: ACL; Schema: pg_catalog; Owner: azuresu
--

GRANT ALL ON FUNCTION pg_catalog.pg_replication_origin_xact_setup(pg_lsn, timestamp with time zone) TO azure_pg_admin;


--
-- TOC entry 4050 (class 0 OID 0)
-- Dependencies: 248
-- Name: FUNCTION pg_show_replication_origin_status(OUT local_id oid, OUT external_id text, OUT remote_lsn pg_lsn, OUT local_lsn pg_lsn); Type: ACL; Schema: pg_catalog; Owner: azuresu
--

GRANT ALL ON FUNCTION pg_catalog.pg_show_replication_origin_status(OUT local_id oid, OUT external_id text, OUT remote_lsn pg_lsn, OUT local_lsn pg_lsn) TO azure_pg_admin;


--
-- TOC entry 4051 (class 0 OID 0)
-- Dependencies: 234
-- Name: FUNCTION pg_stat_reset(); Type: ACL; Schema: pg_catalog; Owner: azuresu
--

GRANT ALL ON FUNCTION pg_catalog.pg_stat_reset() TO azure_pg_admin;


--
-- TOC entry 4052 (class 0 OID 0)
-- Dependencies: 235
-- Name: FUNCTION pg_stat_reset_shared(text); Type: ACL; Schema: pg_catalog; Owner: azuresu
--

GRANT ALL ON FUNCTION pg_catalog.pg_stat_reset_shared(text) TO azure_pg_admin;


--
-- TOC entry 4053 (class 0 OID 0)
-- Dependencies: 237
-- Name: FUNCTION pg_stat_reset_single_function_counters(oid); Type: ACL; Schema: pg_catalog; Owner: azuresu
--

GRANT ALL ON FUNCTION pg_catalog.pg_stat_reset_single_function_counters(oid) TO azure_pg_admin;


--
-- TOC entry 4054 (class 0 OID 0)
-- Dependencies: 236
-- Name: FUNCTION pg_stat_reset_single_table_counters(oid); Type: ACL; Schema: pg_catalog; Owner: azuresu
--

GRANT ALL ON FUNCTION pg_catalog.pg_stat_reset_single_table_counters(oid) TO azure_pg_admin;


--
-- TOC entry 4055 (class 0 OID 0)
-- Dependencies: 98
-- Name: COLUMN pg_config.name; Type: ACL; Schema: pg_catalog; Owner: azuresu
--

GRANT SELECT(name) ON TABLE pg_catalog.pg_config TO azure_pg_admin;


--
-- TOC entry 4056 (class 0 OID 0)
-- Dependencies: 98
-- Name: COLUMN pg_config.setting; Type: ACL; Schema: pg_catalog; Owner: azuresu
--

GRANT SELECT(setting) ON TABLE pg_catalog.pg_config TO azure_pg_admin;


--
-- TOC entry 4057 (class 0 OID 0)
-- Dependencies: 94
-- Name: COLUMN pg_hba_file_rules.line_number; Type: ACL; Schema: pg_catalog; Owner: azuresu
--

GRANT SELECT(line_number) ON TABLE pg_catalog.pg_hba_file_rules TO azure_pg_admin;


--
-- TOC entry 4058 (class 0 OID 0)
-- Dependencies: 94
-- Name: COLUMN pg_hba_file_rules.type; Type: ACL; Schema: pg_catalog; Owner: azuresu
--

GRANT SELECT(type) ON TABLE pg_catalog.pg_hba_file_rules TO azure_pg_admin;


--
-- TOC entry 4059 (class 0 OID 0)
-- Dependencies: 94
-- Name: COLUMN pg_hba_file_rules.database; Type: ACL; Schema: pg_catalog; Owner: azuresu
--

GRANT SELECT(database) ON TABLE pg_catalog.pg_hba_file_rules TO azure_pg_admin;


--
-- TOC entry 4060 (class 0 OID 0)
-- Dependencies: 94
-- Name: COLUMN pg_hba_file_rules.user_name; Type: ACL; Schema: pg_catalog; Owner: azuresu
--

GRANT SELECT(user_name) ON TABLE pg_catalog.pg_hba_file_rules TO azure_pg_admin;


--
-- TOC entry 4061 (class 0 OID 0)
-- Dependencies: 94
-- Name: COLUMN pg_hba_file_rules.address; Type: ACL; Schema: pg_catalog; Owner: azuresu
--

GRANT SELECT(address) ON TABLE pg_catalog.pg_hba_file_rules TO azure_pg_admin;


--
-- TOC entry 4062 (class 0 OID 0)
-- Dependencies: 94
-- Name: COLUMN pg_hba_file_rules.netmask; Type: ACL; Schema: pg_catalog; Owner: azuresu
--

GRANT SELECT(netmask) ON TABLE pg_catalog.pg_hba_file_rules TO azure_pg_admin;


--
-- TOC entry 4063 (class 0 OID 0)
-- Dependencies: 94
-- Name: COLUMN pg_hba_file_rules.auth_method; Type: ACL; Schema: pg_catalog; Owner: azuresu
--

GRANT SELECT(auth_method) ON TABLE pg_catalog.pg_hba_file_rules TO azure_pg_admin;


--
-- TOC entry 4064 (class 0 OID 0)
-- Dependencies: 94
-- Name: COLUMN pg_hba_file_rules.options; Type: ACL; Schema: pg_catalog; Owner: azuresu
--

GRANT SELECT(options) ON TABLE pg_catalog.pg_hba_file_rules TO azure_pg_admin;


--
-- TOC entry 4065 (class 0 OID 0)
-- Dependencies: 94
-- Name: COLUMN pg_hba_file_rules.error; Type: ACL; Schema: pg_catalog; Owner: azuresu
--

GRANT SELECT(error) ON TABLE pg_catalog.pg_hba_file_rules TO azure_pg_admin;


--
-- TOC entry 4066 (class 0 OID 0)
-- Dependencies: 144
-- Name: COLUMN pg_replication_origin_status.local_id; Type: ACL; Schema: pg_catalog; Owner: azuresu
--

GRANT SELECT(local_id) ON TABLE pg_catalog.pg_replication_origin_status TO azure_pg_admin;


--
-- TOC entry 4067 (class 0 OID 0)
-- Dependencies: 144
-- Name: COLUMN pg_replication_origin_status.external_id; Type: ACL; Schema: pg_catalog; Owner: azuresu
--

GRANT SELECT(external_id) ON TABLE pg_catalog.pg_replication_origin_status TO azure_pg_admin;


--
-- TOC entry 4068 (class 0 OID 0)
-- Dependencies: 144
-- Name: COLUMN pg_replication_origin_status.remote_lsn; Type: ACL; Schema: pg_catalog; Owner: azuresu
--

GRANT SELECT(remote_lsn) ON TABLE pg_catalog.pg_replication_origin_status TO azure_pg_admin;


--
-- TOC entry 4069 (class 0 OID 0)
-- Dependencies: 144
-- Name: COLUMN pg_replication_origin_status.local_lsn; Type: ACL; Schema: pg_catalog; Owner: azuresu
--

GRANT SELECT(local_lsn) ON TABLE pg_catalog.pg_replication_origin_status TO azure_pg_admin;


--
-- TOC entry 4070 (class 0 OID 0)
-- Dependencies: 99
-- Name: COLUMN pg_shmem_allocations.name; Type: ACL; Schema: pg_catalog; Owner: azuresu
--

GRANT SELECT(name) ON TABLE pg_catalog.pg_shmem_allocations TO azure_pg_admin;


--
-- TOC entry 4071 (class 0 OID 0)
-- Dependencies: 99
-- Name: COLUMN pg_shmem_allocations.off; Type: ACL; Schema: pg_catalog; Owner: azuresu
--

GRANT SELECT(off) ON TABLE pg_catalog.pg_shmem_allocations TO azure_pg_admin;


--
-- TOC entry 4072 (class 0 OID 0)
-- Dependencies: 99
-- Name: COLUMN pg_shmem_allocations.size; Type: ACL; Schema: pg_catalog; Owner: azuresu
--

GRANT SELECT(size) ON TABLE pg_catalog.pg_shmem_allocations TO azure_pg_admin;


--
-- TOC entry 4073 (class 0 OID 0)
-- Dependencies: 99
-- Name: COLUMN pg_shmem_allocations.allocated_size; Type: ACL; Schema: pg_catalog; Owner: azuresu
--

GRANT SELECT(allocated_size) ON TABLE pg_catalog.pg_shmem_allocations TO azure_pg_admin;


--
-- TOC entry 4074 (class 0 OID 0)
-- Dependencies: 39
-- Name: COLUMN pg_statistic.starelid; Type: ACL; Schema: pg_catalog; Owner: azuresu
--

GRANT SELECT(starelid) ON TABLE pg_catalog.pg_statistic TO azure_pg_admin;


--
-- TOC entry 4075 (class 0 OID 0)
-- Dependencies: 39
-- Name: COLUMN pg_statistic.staattnum; Type: ACL; Schema: pg_catalog; Owner: azuresu
--

GRANT SELECT(staattnum) ON TABLE pg_catalog.pg_statistic TO azure_pg_admin;


--
-- TOC entry 4076 (class 0 OID 0)
-- Dependencies: 39
-- Name: COLUMN pg_statistic.stainherit; Type: ACL; Schema: pg_catalog; Owner: azuresu
--

GRANT SELECT(stainherit) ON TABLE pg_catalog.pg_statistic TO azure_pg_admin;


--
-- TOC entry 4077 (class 0 OID 0)
-- Dependencies: 39
-- Name: COLUMN pg_statistic.stanullfrac; Type: ACL; Schema: pg_catalog; Owner: azuresu
--

GRANT SELECT(stanullfrac) ON TABLE pg_catalog.pg_statistic TO azure_pg_admin;


--
-- TOC entry 4078 (class 0 OID 0)
-- Dependencies: 39
-- Name: COLUMN pg_statistic.stawidth; Type: ACL; Schema: pg_catalog; Owner: azuresu
--

GRANT SELECT(stawidth) ON TABLE pg_catalog.pg_statistic TO azure_pg_admin;


--
-- TOC entry 4079 (class 0 OID 0)
-- Dependencies: 39
-- Name: COLUMN pg_statistic.stadistinct; Type: ACL; Schema: pg_catalog; Owner: azuresu
--

GRANT SELECT(stadistinct) ON TABLE pg_catalog.pg_statistic TO azure_pg_admin;


--
-- TOC entry 4080 (class 0 OID 0)
-- Dependencies: 39
-- Name: COLUMN pg_statistic.stakind1; Type: ACL; Schema: pg_catalog; Owner: azuresu
--

GRANT SELECT(stakind1) ON TABLE pg_catalog.pg_statistic TO azure_pg_admin;


--
-- TOC entry 4081 (class 0 OID 0)
-- Dependencies: 39
-- Name: COLUMN pg_statistic.stakind2; Type: ACL; Schema: pg_catalog; Owner: azuresu
--

GRANT SELECT(stakind2) ON TABLE pg_catalog.pg_statistic TO azure_pg_admin;


--
-- TOC entry 4082 (class 0 OID 0)
-- Dependencies: 39
-- Name: COLUMN pg_statistic.stakind3; Type: ACL; Schema: pg_catalog; Owner: azuresu
--

GRANT SELECT(stakind3) ON TABLE pg_catalog.pg_statistic TO azure_pg_admin;


--
-- TOC entry 4083 (class 0 OID 0)
-- Dependencies: 39
-- Name: COLUMN pg_statistic.stakind4; Type: ACL; Schema: pg_catalog; Owner: azuresu
--

GRANT SELECT(stakind4) ON TABLE pg_catalog.pg_statistic TO azure_pg_admin;


--
-- TOC entry 4084 (class 0 OID 0)
-- Dependencies: 39
-- Name: COLUMN pg_statistic.stakind5; Type: ACL; Schema: pg_catalog; Owner: azuresu
--

GRANT SELECT(stakind5) ON TABLE pg_catalog.pg_statistic TO azure_pg_admin;


--
-- TOC entry 4085 (class 0 OID 0)
-- Dependencies: 39
-- Name: COLUMN pg_statistic.staop1; Type: ACL; Schema: pg_catalog; Owner: azuresu
--

GRANT SELECT(staop1) ON TABLE pg_catalog.pg_statistic TO azure_pg_admin;


--
-- TOC entry 4086 (class 0 OID 0)
-- Dependencies: 39
-- Name: COLUMN pg_statistic.staop2; Type: ACL; Schema: pg_catalog; Owner: azuresu
--

GRANT SELECT(staop2) ON TABLE pg_catalog.pg_statistic TO azure_pg_admin;


--
-- TOC entry 4087 (class 0 OID 0)
-- Dependencies: 39
-- Name: COLUMN pg_statistic.staop3; Type: ACL; Schema: pg_catalog; Owner: azuresu
--

GRANT SELECT(staop3) ON TABLE pg_catalog.pg_statistic TO azure_pg_admin;


--
-- TOC entry 4088 (class 0 OID 0)
-- Dependencies: 39
-- Name: COLUMN pg_statistic.staop4; Type: ACL; Schema: pg_catalog; Owner: azuresu
--

GRANT SELECT(staop4) ON TABLE pg_catalog.pg_statistic TO azure_pg_admin;


--
-- TOC entry 4089 (class 0 OID 0)
-- Dependencies: 39
-- Name: COLUMN pg_statistic.staop5; Type: ACL; Schema: pg_catalog; Owner: azuresu
--

GRANT SELECT(staop5) ON TABLE pg_catalog.pg_statistic TO azure_pg_admin;


--
-- TOC entry 4090 (class 0 OID 0)
-- Dependencies: 39
-- Name: COLUMN pg_statistic.stacoll1; Type: ACL; Schema: pg_catalog; Owner: azuresu
--

GRANT SELECT(stacoll1) ON TABLE pg_catalog.pg_statistic TO azure_pg_admin;


--
-- TOC entry 4091 (class 0 OID 0)
-- Dependencies: 39
-- Name: COLUMN pg_statistic.stacoll2; Type: ACL; Schema: pg_catalog; Owner: azuresu
--

GRANT SELECT(stacoll2) ON TABLE pg_catalog.pg_statistic TO azure_pg_admin;


--
-- TOC entry 4092 (class 0 OID 0)
-- Dependencies: 39
-- Name: COLUMN pg_statistic.stacoll3; Type: ACL; Schema: pg_catalog; Owner: azuresu
--

GRANT SELECT(stacoll3) ON TABLE pg_catalog.pg_statistic TO azure_pg_admin;


--
-- TOC entry 4093 (class 0 OID 0)
-- Dependencies: 39
-- Name: COLUMN pg_statistic.stacoll4; Type: ACL; Schema: pg_catalog; Owner: azuresu
--

GRANT SELECT(stacoll4) ON TABLE pg_catalog.pg_statistic TO azure_pg_admin;


--
-- TOC entry 4094 (class 0 OID 0)
-- Dependencies: 39
-- Name: COLUMN pg_statistic.stacoll5; Type: ACL; Schema: pg_catalog; Owner: azuresu
--

GRANT SELECT(stacoll5) ON TABLE pg_catalog.pg_statistic TO azure_pg_admin;


--
-- TOC entry 4095 (class 0 OID 0)
-- Dependencies: 39
-- Name: COLUMN pg_statistic.stanumbers1; Type: ACL; Schema: pg_catalog; Owner: azuresu
--

GRANT SELECT(stanumbers1) ON TABLE pg_catalog.pg_statistic TO azure_pg_admin;


--
-- TOC entry 4096 (class 0 OID 0)
-- Dependencies: 39
-- Name: COLUMN pg_statistic.stanumbers2; Type: ACL; Schema: pg_catalog; Owner: azuresu
--

GRANT SELECT(stanumbers2) ON TABLE pg_catalog.pg_statistic TO azure_pg_admin;


--
-- TOC entry 4097 (class 0 OID 0)
-- Dependencies: 39
-- Name: COLUMN pg_statistic.stanumbers3; Type: ACL; Schema: pg_catalog; Owner: azuresu
--

GRANT SELECT(stanumbers3) ON TABLE pg_catalog.pg_statistic TO azure_pg_admin;


--
-- TOC entry 4098 (class 0 OID 0)
-- Dependencies: 39
-- Name: COLUMN pg_statistic.stanumbers4; Type: ACL; Schema: pg_catalog; Owner: azuresu
--

GRANT SELECT(stanumbers4) ON TABLE pg_catalog.pg_statistic TO azure_pg_admin;


--
-- TOC entry 4099 (class 0 OID 0)
-- Dependencies: 39
-- Name: COLUMN pg_statistic.stanumbers5; Type: ACL; Schema: pg_catalog; Owner: azuresu
--

GRANT SELECT(stanumbers5) ON TABLE pg_catalog.pg_statistic TO azure_pg_admin;


--
-- TOC entry 4100 (class 0 OID 0)
-- Dependencies: 39
-- Name: COLUMN pg_statistic.stavalues1; Type: ACL; Schema: pg_catalog; Owner: azuresu
--

GRANT SELECT(stavalues1) ON TABLE pg_catalog.pg_statistic TO azure_pg_admin;


--
-- TOC entry 4101 (class 0 OID 0)
-- Dependencies: 39
-- Name: COLUMN pg_statistic.stavalues2; Type: ACL; Schema: pg_catalog; Owner: azuresu
--

GRANT SELECT(stavalues2) ON TABLE pg_catalog.pg_statistic TO azure_pg_admin;


--
-- TOC entry 4102 (class 0 OID 0)
-- Dependencies: 39
-- Name: COLUMN pg_statistic.stavalues3; Type: ACL; Schema: pg_catalog; Owner: azuresu
--

GRANT SELECT(stavalues3) ON TABLE pg_catalog.pg_statistic TO azure_pg_admin;


--
-- TOC entry 4103 (class 0 OID 0)
-- Dependencies: 39
-- Name: COLUMN pg_statistic.stavalues4; Type: ACL; Schema: pg_catalog; Owner: azuresu
--

GRANT SELECT(stavalues4) ON TABLE pg_catalog.pg_statistic TO azure_pg_admin;


--
-- TOC entry 4104 (class 0 OID 0)
-- Dependencies: 39
-- Name: COLUMN pg_statistic.stavalues5; Type: ACL; Schema: pg_catalog; Owner: azuresu
--

GRANT SELECT(stavalues5) ON TABLE pg_catalog.pg_statistic TO azure_pg_admin;


--
-- TOC entry 4105 (class 0 OID 0)
-- Dependencies: 64
-- Name: COLUMN pg_subscription.oid; Type: ACL; Schema: pg_catalog; Owner: azuresu
--

GRANT SELECT(oid) ON TABLE pg_catalog.pg_subscription TO azure_pg_admin;


--
-- TOC entry 4106 (class 0 OID 0)
-- Dependencies: 64
-- Name: COLUMN pg_subscription.subdbid; Type: ACL; Schema: pg_catalog; Owner: azuresu
--

GRANT SELECT(subdbid) ON TABLE pg_catalog.pg_subscription TO azure_pg_admin;


--
-- TOC entry 4107 (class 0 OID 0)
-- Dependencies: 64
-- Name: COLUMN pg_subscription.subname; Type: ACL; Schema: pg_catalog; Owner: azuresu
--

GRANT SELECT(subname) ON TABLE pg_catalog.pg_subscription TO azure_pg_admin;


--
-- TOC entry 4108 (class 0 OID 0)
-- Dependencies: 64
-- Name: COLUMN pg_subscription.subowner; Type: ACL; Schema: pg_catalog; Owner: azuresu
--

GRANT SELECT(subowner) ON TABLE pg_catalog.pg_subscription TO azure_pg_admin;


--
-- TOC entry 4109 (class 0 OID 0)
-- Dependencies: 64
-- Name: COLUMN pg_subscription.subenabled; Type: ACL; Schema: pg_catalog; Owner: azuresu
--

GRANT SELECT(subenabled) ON TABLE pg_catalog.pg_subscription TO azure_pg_admin;


--
-- TOC entry 4110 (class 0 OID 0)
-- Dependencies: 64
-- Name: COLUMN pg_subscription.subconninfo; Type: ACL; Schema: pg_catalog; Owner: azuresu
--

GRANT SELECT(subconninfo) ON TABLE pg_catalog.pg_subscription TO azure_pg_admin;


--
-- TOC entry 4111 (class 0 OID 0)
-- Dependencies: 64
-- Name: COLUMN pg_subscription.subslotname; Type: ACL; Schema: pg_catalog; Owner: azuresu
--

GRANT SELECT(subslotname) ON TABLE pg_catalog.pg_subscription TO azure_pg_admin;


--
-- TOC entry 4112 (class 0 OID 0)
-- Dependencies: 64
-- Name: COLUMN pg_subscription.subsynccommit; Type: ACL; Schema: pg_catalog; Owner: azuresu
--

GRANT SELECT(subsynccommit) ON TABLE pg_catalog.pg_subscription TO azure_pg_admin;


--
-- TOC entry 4113 (class 0 OID 0)
-- Dependencies: 64
-- Name: COLUMN pg_subscription.subpublications; Type: ACL; Schema: pg_catalog; Owner: azuresu
--

GRANT SELECT(subpublications) ON TABLE pg_catalog.pg_subscription TO azure_pg_admin;


-- Completed on 2024-04-21 20:02:43 CEST

--
-- PostgreSQL database dump complete
--

